Statistic,Value
Users,6034.0
Movies,3125.0
Interactions,574376.0
Density,0.030460775604905534
Sparsity,0.9695392243950944
